1,MD-133,1,NULL,2015-11-18 15:18:17,2015-12-10 21:00:55,0,0,Llave BMW,,,,NULL,6.00000000,6.00000000,6.00000000,6.00000000,HT,0,0,0,0,1,NULL,1,1,0,0,,NULL,NULL,NULL,NULL,Llave BMW,MD-133,NULL,NULL,0,NULL,0,NULL,0,NULL,0,2,0.00000000,NULL,NULL,,NULL,0,NULL,NULL,NULL,NULL
2,R2D2,1,NULL,2015-11-18 15:27:18,2016-02-16 09:05:21,0,0,R2D2,USB flash drive 8GB,,,NULL,6.00000000,6.00000000,6.00000000,6.00000000,HT,0,0,0,0,1,NULL,1,1,0,0,,6,USB-R2D2,NULL,NULL,R2D2,R2D2,NULL,NULL,0,NULL,0,NULL,0,NULL,0,6,4.10000000,NULL,NULL,,1,0,NULL,NULL,3,NULL
3,MD-755,1,NULL,2015-11-18 15:32:33,2016-02-16 09:05:21,0,0,Mi-OneEye,,,,NULL,6.00000000,6.00000000,6.00000000,6.00000000,HT,0,0,0,0,1,NULL,1,1,0,0,,6,Mi-OneEye,NULL,NULL,Mi-OneEye,MD-755,NULL,NULL,0,NULL,0,NULL,0,NULL,0,8,4.10000000,NULL,NULL,,1,0,NULL,NULL,3,NULL
4,Md-756,1,NULL,2015-11-18 15:34:00,2016-02-16 09:05:21,0,0,Mi-LongNeck,,,,NULL,6.00000000,6.00000000,6.00000000,6.00000000,HT,0,0,0,0,1,NULL,1,1,0,0,,6,Mi-LongNeck,NULL,NULL,Mi-LongNeck,Md-756,NULL,NULL,0,NULL,0,NULL,0,NULL,0,7,0.00000000,NULL,NULL,,1,0,NULL,NULL,3,NULL
5,MD-658,1,NULL,2015-11-18 15:42:09,2016-02-16 08:57:20,0,0,Yoda,,,,NULL,6.00000000,6.00000000,6.00000000,6.00000000,HT,0,0,0,0,1,NULL,1,1,0,0,,6,Yoda,NULL,NULL,Yoda,MD-658,NULL,NULL,0,NULL,0,NULL,0,NULL,0,6,0.00000000,NULL,NULL,,NULL,0,NULL,NULL,3,NULL
6,MD-384,1,NULL,2015-11-18 18:01:44,2016-02-16 09:02:08,0,0,DarthVader,,,,NULL,6.00000000,6.00000000,6.00000000,6.00000000,HT,0,0,0,0,1,NULL,1,1,0,0,,NULL,NULL,NULL,NULL,DarthVader,MD-384,NULL,NULL,0,NULL,0,NULL,0,NULL,0,4,4.10000000,NULL,NULL,,NULL,0,NULL,NULL,NULL,NULL
7,MD-524,1,NULL,2015-11-18 18:03:26,2016-02-16 09:05:21,0,0,HelloKitty,,,,NULL,6.00000000,6.00000000,6.00000000,6.00000000,HT,0,0,0,0,1,NULL,1,1,0,0,,6,NULL,NULL,NULL,HelloKitty,MD-524,NULL,NULL,0,NULL,0,NULL,0,NULL,0,6,4.10000000,NULL,NULL,,NULL,0,NULL,NULL,3,NULL
8,MD-507,1,NULL,2015-11-18 18:04:42,2016-02-16 09:05:21,0,0,Heineken,,,,NULL,6.00000000,6.00000000,6.00000000,6.00000000,HT,0,0,0,0,1,NULL,1,1,0,0,,4,NULL,NULL,NULL,Heineken,MD-507,NULL,NULL,0,NULL,0,NULL,0,NULL,0,3,4.10000000,NULL,NULL,,1,0,NULL,NULL,2,NULL
9,MD-517,1,NULL,2015-11-18 18:05:46,2016-02-16 08:59:59,0,0,HeladoAlmendrado,,,,NULL,6.00000000,6.00000000,6.00000000,6.00000000,HT,0,0,0,0,1,NULL,1,1,0,0,,4,NULL,NULL,NULL,HeladoAlmendrado,MD-517,NULL,NULL,0,NULL,0,NULL,0,NULL,0,6,4.10000000,NULL,NULL,,1,0,NULL,NULL,2,NULL
10,MD-382,1,NULL,2015-11-18 18:06:42,2016-02-16 08:56:15,0,0,CamaraFotos,,,,NULL,6.00000000,6.00000000,6.00000000,6.00000000,HT,0,0,0,0,1,NULL,1,1,0,0,,2,NULL,NULL,NULL,CamaraFotos,MD-382,NULL,NULL,0,NULL,0,NULL,0,NULL,0,2,4.10000000,NULL,NULL,,1,0,NULL,NULL,1,NULL
11,MD-737,1,NULL,2015-11-18 18:07:34,2015-12-22 16:26:07,0,0,HomerSimpson,,,,NULL,6.00000000,6.00000000,6.00000000,6.00000000,HT,0,0,0,0,1,NULL,1,1,0,0,,2,NULL,NULL,NULL,HomerSimpson,MD-737,NULL,NULL,0,NULL,0,NULL,0,NULL,0,3,4.10000000,NULL,NULL,,1,0,NULL,NULL,1,NULL
12,MD-292,1,NULL,2015-11-18 18:08:39,2016-02-16 09:02:08,0,0,LlaveMercedes,,,,NULL,6.00000000,6.00000000,6.00000000,6.00000000,HT,0,0,0,0,1,NULL,1,1,0,0,,4,NULL,NULL,NULL,LlaveMercedes,MD-292,NULL,NULL,0,NULL,0,NULL,0,NULL,0,3,4.10000000,NULL,NULL,,1,0,NULL,NULL,2,NULL
13,MD-692,1,NULL,2015-11-18 18:10:41,2016-02-16 09:06:00,0,0,Superman,,,,NULL,6.00000000,6.00000000,6.00000000,6.00000000,HT,0,0,0,0,1,NULL,1,1,0,0,,2,NULL,NULL,NULL,Superman,MD-692,NULL,NULL,0,NULL,0,NULL,0,NULL,0,2,4.10000000,NULL,NULL,,1,0,NULL,NULL,1,NULL
14,MD-691,1,NULL,2015-11-18 18:11:25,2016-01-16 10:16:33,0,0,Batman,,,,NULL,6.00000000,6.00000000,6.00000000,6.00000000,HT,0,0,0,0,1,NULL,1,1,0,0,,NULL,NULL,NULL,NULL,Batman,MD-691,NULL,NULL,0,NULL,0,NULL,0,NULL,0,3,4.10000000,NULL,NULL,,1,0,NULL,NULL,NULL,NULL
15,MD-538,1,NULL,2015-11-18 18:13:42,2016-02-16 08:59:59,0,0,RealMadrid,,,,NULL,6.00000000,6.00000000,6.00000000,6.00000000,HT,0,0,0,0,1,NULL,1,1,0,0,,NULL,NULL,NULL,NULL,RealMadrid,MD-538,NULL,NULL,0,NULL,0,NULL,0,NULL,0,1,4.10000000,NULL,NULL,,1,0,NULL,NULL,NULL,NULL
16,MD-448,1,NULL,2015-11-18 18:15:00,2016-02-16 08:56:15,0,0,Conejito,,,,NULL,6.00000000,6.00000000,6.00000000,6.00000000,HT,0,0,0,0,1,NULL,1,1,0,0,,NULL,NULL,NULL,NULL,Conejito,MD-448,NULL,NULL,0,NULL,0,NULL,0,NULL,0,2,4.10000000,NULL,NULL,,NULL,0,NULL,NULL,NULL,NULL
17,MD-53,1,NULL,2015-11-18 18:16:36,2016-02-16 09:05:21,0,0,OsoPanda,,,,NULL,6.00000000,6.00000000,6.00000000,6.00000000,HT,0,0,0,0,1,NULL,1,1,0,0,,2,NULL,NULL,NULL,OsoPanda,MD-53,NULL,NULL,0,NULL,0,NULL,0,NULL,0,1,4.10000000,NULL,NULL,,1,0,NULL,NULL,1,NULL
18,MD-50,1,NULL,2015-11-18 18:17:43,2016-02-16 09:02:08,0,0,ZarpaRosa,,,,NULL,6.00000000,6.00000000,6.00000000,6.00000000,HT,0,0,0,0,1,NULL,1,1,0,0,,2,NULL,NULL,NULL,ZarpaRosa,MD-50,NULL,NULL,0,NULL,0,NULL,0,NULL,0,3,4.10000000,NULL,NULL,,NULL,0,NULL,NULL,1,NULL
19,MD-694,1,NULL,2015-11-18 18:18:53,2016-02-16 09:02:08,0,0,GatoNegro,,,,NULL,6.00000000,6.00000000,6.00000000,6.00000000,HT,0,0,0,0,1,NULL,1,1,0,0,,2,NULL,NULL,NULL,GatoNegro,MD-694,NULL,NULL,0,NULL,0,NULL,0,NULL,0,1,4.10000000,NULL,NULL,,1,0,NULL,NULL,1,NULL
20,MD-204,1,NULL,2015-11-18 18:20:10,2016-02-16 09:02:08,0,0,Fresa,,,,NULL,6.00000000,6.00000000,6.00000000,6.00000000,HT,0,0,0,0,1,NULL,1,1,0,0,,2,NULL,NULL,NULL,Fresa,MD-204,NULL,NULL,0,NULL,0,NULL,0,NULL,0,4,4.10000000,NULL,NULL,,1,0,NULL,NULL,1,NULL
21,MD-3,1,NULL,2015-11-18 18:21:32,2016-02-16 09:02:08,0,0,Android,,,,NULL,6.00000000,6.00000000,6.00000000,6.00000000,HT,0,0,0,0,1,NULL,1,1,0,0,,2,NULL,NULL,NULL,Android,MD-3,NULL,NULL,0,NULL,0,NULL,0,NULL,0,1,4.10000000,NULL,NULL,,1,0,NULL,NULL,1,NULL
22,B61,1,NULL,2015-11-18 18:22:49,2016-01-16 10:16:33,0,0,B-CorazonRojo,,,,NULL,6.00000000,6.00000000,6.00000000,6.00000000,HT,0,0,0,0,1,NULL,1,1,0,0,,2,NULL,NULL,NULL,B-CorazonRojo,B61,NULL,NULL,0,NULL,0,NULL,0,NULL,0,5,5.75000000,NULL,NULL,,1,0,NULL,NULL,1,NULL
23,B53,1,NULL,2015-11-18 18:24:52,2016-02-16 09:05:21,0,0,B-HelloKitty,,,,NULL,6.00000000,6.00000000,6.00000000,6.00000000,HT,0,0,0,0,1,NULL,1,1,0,0,,2,NULL,NULL,NULL,B53,B-HelloKitty,NULL,NULL,0,NULL,0,NULL,0,NULL,0,3,5.75000000,NULL,NULL,,1,0,NULL,NULL,1,NULL
24,F57,1,NULL,2015-11-18 18:26:08,2016-01-14 23:19:15,0,0,B-Buho,,,,NULL,6.00000000,6.00000000,6.00000000,6.00000000,HT,0,0,0,0,1,NULL,1,1,0,0,,2,NULL,NULL,NULL,B-Buho,B-57,NULL,NULL,0,NULL,0,NULL,0,NULL,0,6,5.75000000,NULL,NULL,,1,0,NULL,NULL,1,NULL
25,F46-Azul,1,NULL,2015-11-18 18:27:35,2015-11-23 13:35:21,0,0,CorazonColgantesAzul,,,,NULL,6.00000000,6.00000000,6.00000000,6.00000000,HT,0,0,0,0,1,NULL,1,1,0,0,,2,NULL,NULL,NULL,F46-Azul,CorazonColgantesAzul,NULL,NULL,0,NULL,0,NULL,0,NULL,0,3,5.75000000,NULL,NULL,,1,0,NULL,NULL,1,NULL
26,F46-Rosa,1,NULL,2015-11-18 18:28:57,2016-01-14 23:19:15,0,0,CorazonColgantesRosa,,,,NULL,6.00000000,6.00000000,6.00000000,6.00000000,HT,0,0,0,0,1,NULL,1,1,0,0,,NULL,NULL,NULL,NULL,F46-Rosa,CorazonColgantesRosa,NULL,NULL,0,NULL,0,NULL,0,NULL,0,3,5.75000000,NULL,NULL,,1,0,NULL,NULL,NULL,NULL
27,B11,1,NULL,2015-11-18 18:30:11,2016-02-16 09:05:21,0,0,Escarabajo,,,,NULL,6.00000000,6.00000000,6.00000000,6.00000000,HT,0,0,0,0,1,NULL,1,1,0,0,,2,NULL,NULL,NULL,Escarabajo,B11,NULL,NULL,0,NULL,0,NULL,0,NULL,0,1,5.75000000,NULL,NULL,,1,0,NULL,NULL,1,NULL
28,GoldPlayBoy,1,NULL,2015-11-18 18:37:18,2016-02-16 09:05:21,0,0,B-PlayBoy,,,,NULL,6.00000000,6.00000000,6.00000000,6.00000000,HT,0,0,0,0,1,NULL,1,1,0,0,,2,NULL,NULL,NULL,B-PlayBoy,GoldPlayBoy,NULL,NULL,0,NULL,0,NULL,0,NULL,0,2,5.75000000,NULL,NULL,,1,0,NULL,NULL,1,NULL
29,MiniBlue,1,NULL,2015-11-18 18:38:18,2016-02-16 09:02:08,0,0,B-MiniCooper,,,,NULL,6.00000000,6.00000000,6.00000000,6.00000000,HT,0,0,0,0,1,NULL,1,1,0,0,,2,NULL,NULL,NULL,B-MiniCooper,MiniBlue,NULL,NULL,0,NULL,0,NULL,0,NULL,0,2,5.75000000,NULL,NULL,,1,0,NULL,NULL,1,NULL
30,HKJelwery,1,NULL,2015-11-18 18:39:13,2016-01-16 10:16:33,0,0,B-HK-Chancla,,,,NULL,6.00000000,6.00000000,6.00000000,6.00000000,HT,0,0,0,0,1,NULL,1,1,0,0,,2,NULL,NULL,NULL,B-HK-Chancla,HKJelwery,NULL,NULL,0,NULL,0,NULL,0,NULL,0,1,5.75000000,NULL,NULL,,1,0,NULL,NULL,1,NULL
31,MD-092,1,NULL,2015-11-18 19:24:42,2016-01-14 23:15:12,0,0,MostruoMarron,,,,NULL,6.00000000,6.00000000,6.00000000,6.00000000,HT,0,0,0,0,1,NULL,1,1,0,0,,2,NULL,NULL,NULL,MostruoMarron,MD-092,NULL,NULL,0,NULL,0,NULL,0,NULL,0,3,4.10000000,NULL,NULL,,1,0,NULL,NULL,1,NULL
32,Otro_MI-LongNeck,1,NULL,2015-11-18 19:39:41,2016-01-16 10:14:02,0,0,Otro_MI-LongNeck,,,,NULL,6.00000000,6.00000000,6.00000000,6.00000000,HT,0,0,0,0,1,NULL,1,1,0,0,,NULL,NULL,NULL,NULL,Otro_MI-LongNeck,Otro_MI-LongNeck,NULL,NULL,0,NULL,0,NULL,0,NULL,0,3,2.63000000,NULL,NULL,,1,0,NULL,NULL,NULL,NULL
33,Otro_Mi-Barsa,1,NULL,2015-11-18 19:40:35,2015-12-01 16:09:09,0,0,Otro_Mi-Barsa,,,,NULL,6.00000000,6.00000000,6.00000000,6.00000000,HT,0,0,0,0,1,NULL,1,1,0,0,,NULL,NULL,NULL,NULL,Otro_Mi-Barsa,Otro_Mi-Barsa,NULL,NULL,0,NULL,0,NULL,0,NULL,0,3,2.63000000,NULL,NULL,,1,0,NULL,NULL,NULL,NULL
34,Otro_Mi-TwoEyes,1,NULL,2015-11-18 19:42:05,2015-12-01 16:09:09,0,0,Otro_Mi-TwoEyes,,,,NULL,6.00000000,6.00000000,6.00000000,6.00000000,HT,0,0,0,0,1,NULL,1,1,0,0,,NULL,NULL,NULL,NULL,Otro_Mi-TwoEyes,Otro_Mi-TwoEyes,NULL,NULL,0,NULL,0,NULL,0,NULL,0,3,2.63000000,NULL,NULL,,1,0,NULL,NULL,NULL,NULL
35,Otro_MostruosSA,1,NULL,2015-11-18 19:42:46,2016-02-16 09:00:50,0,0,Otro_MostruosSA,,,,NULL,6.00000000,6.00000000,6.00000000,6.00000000,HT,0,0,0,0,1,NULL,1,1,0,0,,NULL,NULL,NULL,NULL,Otro_MostruosSA,Otro_MostruosSA,NULL,NULL,0,NULL,0,NULL,0,NULL,0,1,2.63000000,NULL,NULL,,1,0,NULL,NULL,NULL,NULL
36,CH-InOut,1,NULL,2015-11-18 19:44:08,2015-11-30 09:46:44,0,0,CH-InOut,,,,NULL,0.90000000,0.90000000,0.50000000,0.50000000,HT,0,0,0,0,1,NULL,1,1,0,0,,NULL,NULL,NULL,NULL,CH-InOut,CH-InOut,NULL,NULL,0,NULL,0,NULL,0,NULL,0,8,0.24000000,NULL,NULL,,1,0,NULL,NULL,NULL,NULL
37,CH-Minion,1,NULL,2015-11-18 19:44:46,2015-12-01 09:07:14,0,0,CH-Minion,,,,NULL,0.90000000,0.90000000,0.50000000,0.50000000,HT,0,0,0,0,1,NULL,1,1,0,0,,NULL,NULL,NULL,NULL,CH-Minion,CH-Minion,NULL,NULL,0,NULL,0,NULL,0,NULL,0,9,0.24000000,NULL,NULL,,NULL,0,NULL,NULL,NULL,NULL
38,CH-StarWars,1,NULL,2015-11-18 19:46:42,2015-11-23 15:12:33,0,0,CH-StarWars,,,,NULL,0.90000000,0.90000000,0.50000000,0.50000000,HT,0,0,0,0,1,NULL,1,1,0,0,,NULL,NULL,NULL,NULL,CH-StarWars,CH-StarWars,NULL,NULL,0,NULL,0,NULL,0,NULL,0,9,0.24000000,NULL,NULL,,1,0,NULL,NULL,NULL,NULL
39,EarPhones_Minion,1,NULL,2015-11-18 19:47:26,2015-12-13 14:28:31,0,0,EarPhones_Minion,,,,NULL,4.90000000,4.90000000,4.90000000,4.90000000,HT,0,0,0,0,1,NULL,1,1,0,0,,NULL,NULL,NULL,NULL,EarPhones_Minion,EarPhones_Minion,NULL,NULL,0,NULL,0,NULL,0,NULL,0,8,1.04000000,NULL,NULL,,1,0,NULL,NULL,NULL,NULL
40,MP3_Player,1,NULL,2015-11-18 19:48:27,2015-12-16 18:51:27,0,0,MP3_Player,,,,NULL,3.90000000,3.90000000,1.10000000,1.10000000,HT,0,0,0,0,1,NULL,1,1,0,0,,NULL,NULL,NULL,NULL,MP3_Player,MP3_Player,NULL,NULL,0,NULL,0,NULL,0,NULL,0,19,1.01000000,NULL,NULL,,1,0,NULL,NULL,NULL,NULL
41,EarPhones_Standard,1,NULL,2015-11-18 19:49:34,2015-11-18 20:49:45,0,0,EarPhones_Standard,,,,NULL,0.00000000,0.00000000,0.00000000,0.00000000,HT,21000,0,0,0,1,NULL,1,1,0,0,,NULL,NULL,NULL,NULL,EarPhones_Standard,EarPhones_Standard,NULL,NULL,0,NULL,0,NULL,0,NULL,0,4,0.90000000,NULL,NULL,,1,0,NULL,NULL,NULL,NULL
42,SelfieStick,1,NULL,2015-11-18 19:50:20,2015-11-18 20:50:33,0,0,SelfieStick,,,,NULL,5.90000000,5.90000000,5.90000000,5.90000000,HT,0,0,0,0,1,NULL,1,1,0,0,,NULL,NULL,NULL,NULL,SelfieStick,SelfieStick,NULL,NULL,0,NULL,0,NULL,0,NULL,0,4,2.45000000,NULL,NULL,,1,0,NULL,NULL,NULL,NULL
43,PowerBank_1,1,NULL,2015-11-18 19:51:06,2015-11-18 20:51:26,0,0,PowerBank_1,,,,NULL,0.00000000,0.00000000,0.00000000,0.00000000,HT,0,0,0,0,1,NULL,1,1,0,0,,NULL,NULL,NULL,NULL,PowerBank_1,PowerBank_1,NULL,NULL,0,NULL,0,NULL,0,NULL,0,5,0.94000000,NULL,NULL,,1,0,NULL,NULL,NULL,NULL
44,Otro_HelloKitty,1,NULL,2015-11-18 19:57:19,2016-02-16 08:56:15,0,0,Otro_HelloKitty,,,,NULL,7.00000000,7.00000000,5.00000000,5.00000000,HT,0,0,0,0,1,NULL,1,1,0,0,,NULL,NULL,NULL,NULL,Otro_HelloKitty,Otro_HelloKitty,NULL,NULL,0,NULL,0,NULL,0,NULL,0,1,2.63000000,NULL,NULL,,1,0,NULL,NULL,NULL,NULL
45,XY002W,1,NULL,2015-11-23 13:11:30,2015-11-23 14:11:54,0,0,SiliconaColores,,,,NULL,2.50000000,2.50000000,1.80000000,1.80000000,HT,0,0,0,0,1,NULL,1,1,0,0,,20,NULL,NULL,NULL,SiliconaColores,XY002W,NULL,NULL,0,NULL,0,NULL,0,NULL,0,100,1.37000000,NULL,NULL,,1,0,NULL,NULL,10,NULL
46,XY008W-1,1,NULL,2015-11-23 13:13:14,2015-11-23 14:13:40,0,0,RelojAgujarColores,,,,NULL,3.00000000,3.00000000,3.00000000,3.00000000,HT,0,0,0,0,1,NULL,1,1,0,0,,5,NULL,NULL,NULL,RelojAgujarColores,XY008W-1,NULL,NULL,0,NULL,0,NULL,0,NULL,0,10,2.57000000,NULL,NULL,,1,0,NULL,NULL,2,NULL
47,XY011W,1,NULL,2015-11-23 13:14:38,2015-11-23 14:14:55,0,0,RelojPulseraColores,,,,NULL,3.00000000,3.00000000,3.00000000,3.00000000,HT,0,0,0,0,1,NULL,1,1,0,0,,10,NULL,NULL,NULL,RelojPulseraColores,XY011W,NULL,NULL,0,NULL,0,NULL,0,NULL,0,20,2.57000000,NULL,NULL,,1,0,NULL,NULL,5,NULL
48,XY004W,1,NULL,2015-11-23 13:15:52,2015-12-22 16:02:36,0,0,RelojLEDEspejo,,,,NULL,3.00000000,3.00000000,3.00000000,3.00000000,HT,0,0,0,0,1,NULL,1,1,0,0,,10,NULL,NULL,NULL,RelojLEDEspejo,XY004W,NULL,NULL,0,NULL,0,NULL,0,NULL,0,15,2.57000000,NULL,NULL,,1,0,NULL,NULL,5,NULL
49,XY019W,1,NULL,2015-11-23 13:16:48,2016-01-12 16:50:26,0,0,RelojInfantil,,,,NULL,3.00000000,3.00000000,3.00000000,3.00000000,HT,0,0,0,0,1,NULL,1,1,0,0,,5,NULL,NULL,NULL,RelojInfantil,XY019W,NULL,NULL,0,NULL,0,NULL,0,NULL,0,7,2.51000000,NULL,NULL,,1,0,NULL,NULL,2,NULL
50,XY021W,1,NULL,2015-11-23 13:17:55,2015-11-23 14:18:11,0,0,RelojLedColores,,,,NULL,2.00000000,2.00000000,2.00000000,2.00000000,HT,0,0,0,0,1,NULL,1,1,0,0,,5,NULL,NULL,NULL,RelojLedColores,XY021W,NULL,NULL,0,NULL,0,NULL,0,NULL,0,10,1.95000000,NULL,NULL,,1,0,NULL,NULL,2,NULL
51,XY038W-1,1,NULL,2015-11-23 13:19:01,2016-01-12 16:58:28,0,0,RelojCoserPulsera,,,,NULL,3.00000000,3.00000000,3.00000000,3.00000000,HT,0,0,0,0,1,NULL,1,1,0,0,,3,NULL,NULL,NULL,RelojCoserPulsera,XY038W-1,NULL,NULL,0,NULL,0,NULL,0,NULL,0,4,2.34000000,NULL,NULL,,1,0,NULL,NULL,1,NULL
52,XY037W-2,1,NULL,2015-11-23 13:19:58,2016-01-12 16:58:28,0,0,RelojCarteraFrozen,,,,NULL,3.00000000,3.00000000,3.00000000,3.00000000,HT,0,0,0,0,1,NULL,1,1,0,0,,5,NULL,NULL,NULL,RelojCarteraFrozen,XY037W-2,NULL,NULL,0,NULL,0,NULL,0,NULL,0,6,2.34000000,NULL,NULL,,1,0,NULL,NULL,2,NULL
53,CadenaDorada,1,NULL,2015-12-22 15:51:21,2015-12-22 16:54:14,0,0,CadenaDorada,,,,NULL,1.00000000,1.00000000,0.50000000,0.50000000,HT,0,0,0,0,1,NULL,1,1,0,0,,NULL,NULL,NULL,NULL,,,NULL,NULL,0,NULL,0,NULL,0,NULL,0,0,0.30000000,NULL,NULL,,NULL,0,NULL,NULL,NULL,NULL
