<?xml version="1.0" encoding="utf-8"?>
<ResultadoListaArticulosD xmlns:xsi="http://www.w3.org/2001/XMLSchema-instance" xmlns:xsd="http://www.w3.org/2001/XMLSchema" xmlns="http://www.grutinetpro.com/apps/articulos/Ficheros.asmx">
  <estado>true</estado>
  <ArticulosD>
    <ArticuloD>
      <codigo>10003</codigo>
      <familia>DIVERTIDOS2</familia>
      <subfamilia>PAJITAS</subfamilia>
      <subfamilia2>PAJITAS</subfamilia2>
      <subfamilia3>PAJITAS</subfamilia3>
      <subfamilia4>PAJITAS</subfamilia4>
      <ean>8003558960408</ean>
      <talla>ST</talla>
      <hashtalla>821272cc705396659de1098ed38693dc</hashtalla>
      <descripcion>PAJITAS CON PITO 6 UDS LUMINISCENTES</descripcion>
      <descripcionori>SET OF 6 GLOW IN THE DARK WILLY STRAW</descripcionori>
      <novedad>false</novedad>
      <promocion>false</promocion>
      <video>false</video>
      <reponer>false</reponer>
      <grupo>500</grupo>
      <precio_recomendado>7.2600</precio_recomendado>
      <precio_comercio_a>2.0300</precio_comercio_a>
      <precio_comercio_b>2.0300</precio_comercio_b>
      <precio_comercio_c>2.0300</precio_comercio_c>
      <precio_comercio_d>2.0300</precio_comercio_d>
      <iva>21.0000</iva>
      <explicacion>&lt;font size="1"&gt;&lt;b&gt;SET OF 6 GLOW IN THE DARK WILLY STRAW&lt;br&gt;
&lt;/b&gt;
&lt;br&gt;
Diviértete con tus amigos o a solas con tu pareja, con estas divertidas pajitas 
con pene en la parte superior que brillan en la oscuridad...&lt;br&gt;
&lt;br&gt;
Alegra tus cenas, cócteles y bebidas. &lt;br&gt;
&lt;br&gt;
Incluye 6 unidades.&lt;/font&gt;</explicacion>
      <explicacion_texto>SET OF 6 GLOW IN THE DARK WILLY STRAW


Diviértete con tus amigos o a solas con tu pareja, con estas divertidas pajitas 
con pene en la parte superior que brillan en la oscuridad...

Alegra tus cenas, cócteles y bebidas. 

Incluye 6 unidades.</explicacion_texto>
      <stock_disponible>2</stock_disponible>
      <fabricante>WIDMANN</fabricante>
      <imagen_bu>http://media.grutinet.com/articulos/bu/bu_10003.jpg</imagen_bu>
      <imagen_gr>http://media.grutinet.com/articulos/gr/gr_10003.jpg</imagen_gr>
      <imagenes_lg>
        <string>http://media.grutinet.com/articulos/lg/lg_10003_0.jpg</string>
        <string>http://media.grutinet.com/articulos/lg/lg_10003_1.jpg</string>
      </imagenes_lg>
      <imagenes_lp>
        <string>http://media.grutinet.com/articulos/lg/lp_10003_0.jpg</string>
        <string>http://media.grutinet.com/articulos/lg/lp_10003_1.jpg</string>
      </imagenes_lp>
      <categorias>
        <string>EROTICO&gt;DIVERTIDOS&gt;PAJITAS</string>
      </categorias>
      <fecha_descatalogado>0001-01-01T00:00:00</fecha_descatalogado>
      <descatalogado>false</descatalogado>
    </ArticuloD>
    <ArticuloD>
      <codigo>10009</codigo>
      <familia>DIVERTIDOS3</familia>
      <subfamilia>ACCESORIOS</subfamilia>
      <subfamilia2>ACCESORIOS</subfamilia2>
      <subfamilia3>ACCESORIOS</subfamilia3>
      <subfamilia4>ACCESORIOS</subfamilia4>
      <ean>8003558960903</ean>
      <talla>ST</talla>
      <hashtalla>a4711bb50b3b65b0c1e641537439ea04</hashtalla>
      <descripcion>SET DE 10 REMOVEDORES</descripcion>
      <descripcionori>SET OF 10 WILLY STIRRERS</descripcionori>
      <novedad>false</novedad>
      <promocion>false</promocion>
      <video>false</video>
      <reponer>false</reponer>
      <grupo>500</grupo>
      <precio_recomendado>5.4000</precio_recomendado>
      <precio_comercio_a>1.5000</precio_comercio_a>
      <precio_comercio_b>1.5000</precio_comercio_b>
      <precio_comercio_c>1.5000</precio_comercio_c>
      <precio_comercio_d>1.5000</precio_comercio_d>
      <iva>21.0000</iva>
      <explicacion>&lt;font size="1"&gt;
&lt;p align="justify"&gt;&lt;B&gt;SET OF 10 WILLY STIRRERS&lt;/B&gt;.
&lt;br&gt;
&lt;br&gt;
Removedor de plástico en forma de pito de color carne.&lt;br&gt;&lt;br&gt; 
Disponibles también los cuchillos, las cucharillas, tenedores y mondadientes.
&lt;/font&gt;</explicacion>
      <explicacion_texto>
SET OF 10 WILLY STIRRERS.


Removedor de plástico en forma de pito de color carne. 
Disponibles también los cuchillos, las cucharillas, tenedores y mondadientes.
</explicacion_texto>
      <stock_disponible>10</stock_disponible>
      <fabricante>WIDMANN</fabricante>
      <imagen_bu>http://media.grutinet.com/articulos/bu/bu_10009.jpg</imagen_bu>
      <imagen_gr>http://media.grutinet.com/articulos/gr/gr_10009.jpg</imagen_gr>
      <imagenes_lg>
        <string>http://media.grutinet.com/articulos/lg/lg_10009_0.jpg</string>
      </imagenes_lg>
      <imagenes_lp>
        <string>http://media.grutinet.com/articulos/lg/lp_10009_0.jpg</string>
      </imagenes_lp>
      <categorias>
        <string>EROTICO&gt;DIVERTIDOS&gt;ACCESORIOS</string>
      </categorias>
      <fecha_descatalogado>0001-01-01T00:00:00</fecha_descatalogado>
      <descatalogado>false</descatalogado>
    </ArticuloD>
    <ArticuloD>
      <codigo>10013</codigo>
      <familia>DIVERTIDOS4</familia>
      <subfamilia>ACCESORIOS</subfamilia>
      <subfamilia2>ACCESORIOS</subfamilia2>
      <subfamilia3>ACCESORIOS</subfamilia3>
      <subfamilia4>ACCESORIOS</subfamilia4>
      <ean>4892847997898</ean>
      <talla>ST</talla>
      <hashtalla>7f13e93a1d398c9964452706cd5bdcdc</hashtalla>
      <descripcion>VARITA MAGICA EN FORMA DE PENE ROSA</descripcion>
      <descripcionori>GIRLS NIGHT OUT WILLY WAND</descripcionori>
      <novedad>false</novedad>
      <promocion>false</promocion>
      <video>false</video>
      <reponer>false</reponer>
      <grupo>500</grupo>
      <precio_recomendado>7.5300</precio_recomendado>
      <precio_comercio_a>2.1000</precio_comercio_a>
      <precio_comercio_b>2.1000</precio_comercio_b>
      <precio_comercio_c>2.1000</precio_comercio_c>
      <precio_comercio_d>2.1000</precio_comercio_d>
      <iva>21.0000</iva>
      <explicacion>&lt;p&gt;&lt;strong&gt;GIRLS NIGHT OUT WILLY WAND&lt;/strong&gt;.&lt;br /&gt;
&lt;br /&gt;
Varita mágica en forma de pene de purpurina rosa y plumas de marabú.&lt;br /&gt;
&lt;br /&gt;
Perfecta para tus despedidas de soltera.&lt;/p&gt;
</explicacion>
      <explicacion_texto>GIRLS NIGHT OUT WILLY WAND.

Varita mágica en forma de pene de purpurina rosa y plumas de marabú.

Perfecta para tus despedidas de soltera.
</explicacion_texto>
      <stock_disponible>25</stock_disponible>
      <fabricante>GIRLS NIGHT OUT</fabricante>
      <imagen_bu>http://media.grutinet.com/articulos/bu/bu_10013.jpg</imagen_bu>
      <imagen_gr>http://media.grutinet.com/articulos/gr/gr_10013.jpg</imagen_gr>
      <imagenes_lg>
        <string>http://media.grutinet.com/articulos/lg/lg_10013_0.jpg</string>
        <string>http://media.grutinet.com/articulos/lg/lg_10013_1.jpg</string>
      </imagenes_lg>
      <imagenes_lp>
        <string>http://media.grutinet.com/articulos/lg/lp_10013_0.jpg</string>
        <string>http://media.grutinet.com/articulos/lg/lp_10013_1.jpg</string>
      </imagenes_lp>
      <categorias>
        <string>EROTICO&gt;DIVERTIDOS&gt;ACCESORIOS</string>
      </categorias>
      <fecha_descatalogado>0001-01-01T00:00:00</fecha_descatalogado>
      <descatalogado>false</descatalogado>
    </ArticuloD>
  </ArticulosD>
</ResultadoListaArticulosD>