<?xml version="1.0" encoding="utf-8"?>
<ResultadoListaArticulosD xmlns:xsi="http://www.w3.org/2001/XMLSchema-instance" xmlns:xsd="http://www.w3.org/2001/XMLSchema" xmlns="http://www.grutinetpro.com/apps/articulos/Ficheros.asmx">
  <estado>true</estado>
  <ArticulosD>
    <ArticuloD>
      <codigo>10000</codigo>
      <familia>DIVERTIDOS</familia>
      <subfamilia>MOLDES</subfamilia>
      <subfamilia2>MOLDES</subfamilia2>
      <subfamilia3>MOLDES</subfamilia3>
      <subfamilia4>MOLDES</subfamilia4>
      <ean>4892847997836</ean>
      <talla>ST</talla>
      <hashtalla>daac8f38bd0207dcccc8e6643780c015</hashtalla>
      <descripcion>CUBITERA EN FORMA DE ESPERMA</descripcion>
      <descripcionori>SPERM SHAPE ICE MAKER</descripcionori>
      <novedad>false</novedad>
      <promocion>false</promocion>
      <video>false</video>
      <reponer>false</reponer>
      <grupo>500</grupo>
      <precio_recomendado>5.1300</precio_recomendado>
      <precio_comercio_a>1.4300</precio_comercio_a>
      <precio_comercio_b>1.4300</precio_comercio_b>
      <precio_comercio_c>1.4300</precio_comercio_c>
      <precio_comercio_d>1.4300</precio_comercio_d>
      <iva>21.0000</iva>
      <explicacion>&lt;p&gt;&lt;strong&gt;SPERM SHAPE ICE MAKER&lt;/strong&gt;.&lt;br /&gt;
&lt;br /&gt;
cubitera rígida para 4 cubitos con forma de esperma.&lt;br /&gt;
&lt;br /&gt;
Sorprende a tu pareja o tus amigos con una copa llena de diversión.&lt;/p&gt;
</explicacion>
      <explicacion_texto>SPERM SHAPE ICE MAKER.

cubitera rígida para 4 cubitos con forma de esperma.

Sorprende a tu pareja o tus amigos con una copa llena de diversión.
</explicacion_texto>
      <stock_disponible>25</stock_disponible>
      <fabricante>GIRLS NIGHT OUT</fabricante>
      <imagen_bu>http://media.grutinet.com/articulos/bu/bu_10000.jpg</imagen_bu>
      <imagen_gr>http://media.grutinet.com/articulos/gr/gr_10000.jpg</imagen_gr>
      <imagenes_lg>
        <string>http://media.grutinet.com/articulos/lg/lg_10000_0.jpg</string>
      </imagenes_lg>
      <imagenes_lp>
        <string>http://media.grutinet.com/articulos/lg/lp_10000_0.jpg</string>
      </imagenes_lp>
      <categorias>
        <string>EROTICO&gt;DIVERTIDOS&gt;MOLDES</string>
      </categorias>
      <fecha_descatalogado>0001-01-01T00:00:00</fecha_descatalogado>
      <descatalogado>false</descatalogado>
    </ArticuloD>
  </ArticulosD>
</ResultadoListaArticulosD>